[
    {
        "UpDate": "2022-11-20",
        "title": "Shadow vs The Witch Of Calamity「AMV」The Eminence in Shadow",
        "genre": "drama, shonen",
        "video_date": "2021-07-22",
        "orVal": 120,
        "orSt": "Completed"
    },
    {
        "UpDate": "2022-11-04",
        "title": "KUURO feat. Sophiya - Afraid of the Dark",
        "genre": "romance",
        "video_date": "2021-02-14",
        "orVal": 130.75,
        "orSt": "Dropped"
    },
    {
        "UpDate": "2022-10-31",
        "title": "Let Me Down Slowly - Alec Benjamin",
        "genre": "comedy",
        "video_date": "2022-10-14",
        "orVal": 22.9,
        "orSt": "Copyright Violation"
    },
    {
        "UpDate": "2022-09-31",
        "title": "Into the Dark - Demon Slayer",
        "genre": "dark, thriller",
        "video_date": "2021-10-14",
        "orVal": 221.9,
        "orSt": "Completed"
    },
    {
        "UpDate": "2022-12-01",
        "title": "High School DxD AMV - Courtesy Call",
        "genre": "shonen, thriller",
        "video_date": "2017-11-21",
        "orVal": 1.9,
        "orSt": "dropped"
    },
    {
        "UpDate": "2021-09-31",
        "title": "School AMV - Toxic",
        "genre": "dark",
        "video_date": "2018-10-14",
        "orVal": 21.9,
        "orSt": "Copyright Violation"
    }
]